Zipcode,Lat,Lng,City,EstimatedPopulation
7093,40.78,-74,Monitor,42640
7093,40.78,-74,"Taurus, NJ",42640
7675,40.98,-74.03,"Westwood, NJ",24083
7675,40.98,-74.03,"Old Tappan, NJ",24083
7675,40.98,-74.03,"River Vale, NJ",24083
7675,40.98,-74.03,"Rivervale, NJ",24083
7677,41.02,-74.05,"Woodcliff Lake, NJ",5471
7677,41.02,-74.05,"Westwood, NJ",5471
7677,41.02,-74.05,"Woodcliff Lk, NJ",5471
7885,40.89,-74.58,"Wharton, NJ",8999
7981,40.82,-74.41,"Whippany, NJ",8057
7999,40.82,-74.41,"Whippany, NJ",
8888,40.62,-74.76,"Whitehouse, NJ",
8889,40.6,-74.76,"Whitehouse Station, NJ",8570
8889,40.6,-74.76,"White Hse Sta, NJ",8570
8889,40.6,-74.76,"White House Station, NJ",8570
7095,40.55,-74.28,"Woodbridge, NJ",17272
7481,40.99,-74.16,"Wyckoff, NJ",15208
7820,40.91,-74.83,"Allamuchy, NJ",
7401,41.03,-74.13,"Allendale, NJ",5823
7620,40.95,-73.92,"Alpine, NJ",1696
7821,40.98,-74.74,"Andover, NJ",8046
7821,40.98,-74.74,"Byram Township, NJ",8046
7821,40.98,-74.74,"Byram Twp, NJ",8046
7821,40.98,-74.74,"Green Township, NJ",8046
7821,40.98,-74.74,"Green Twp, NJ",8046
8801,40.64,-74.89,"Annandale, NJ",7033
8802,40.67,-75.02,"Asbury, NJ",3833
7822,41.14,-74.68,"Augusta, NJ",1034
7001,40.58,-74.27,"Avenel, NJ",11573
8803,40.49,-75,"Baptistown, NJ",
7920,40.67,-74.56,"Basking Ridge, NJ",24379
7939,40.66,-74.55,"Lyons, NJ",
7939,40.66,-74.55,"Basking Ridge, NJ",
7002,40.66,-74.11,"Bayonne, NJ",49850
7002,40.66,-74.11,"Bergen Point, NJ",49850
7002,40.66,-74.11,"Pamrapo, NJ",49850
7921,40.65,-74.67,"Bedminster, NJ",6958
7823,40.82,-75.07,"Belvidere, NJ",6372
7621,40.92,-73.99,"Bergenfield, NJ",22950
7922,40.67,-74.42,"Berkeley Heights, NJ",11230
7922,40.67,-74.42,"Berkeley Hts, NJ",11230
7924,40.73,-74.59,"Bernardsville, NJ",6545
7825,40.98,-74.96,"Blairstown, NJ",8003
7825,40.98,-74.96,"Hardwick, NJ",8003
7825,40.98,-74.96,"Johnsonburg, NJ",8003
7003,40.81,-74.18,"Bloomfield, NJ",40014
7003,40.81,-74.18,"Brookdale, NJ",40014
7003,40.81,-74.18,"Grove, NJ",40014
7003,40.81,-74.18,"North Center, NJ",40014
7403,41.02,-74.33,"Bloomingdale, NJ",6373
8804,40.65,-75.08,"Bloomsbury, NJ",2745
7005,40.9,-74.4,"Boonton, NJ",13492
7005,40.9,-74.4,"Boonton Township, NJ",13492
7005,40.9,-74.4,"Boonton Twp, NJ",13492
7005,40.9,-74.4,"Lake Intervale, NJ",13492
7005,40.9,-74.4,"Lk Intervale, NJ",13492
7005,40.9,-74.4,"Lyonsville, NJ",13492
7005,40.9,-74.4,"Meriden, NJ",13492
7005,40.9,-74.4,"Powerville, NJ",13492
7005,40.9,-74.4,"Rockaway Valley, NJ",13492
7005,40.9,-74.4,"Taylortown, NJ",13492
8805,40.56,-74.53,"Bound Brook, NJ",10018
8805,40.56,-74.53,"Bound Brk, NJ",10018
7826,41.14,-74.74,"Branchville, NJ",5528
7826,41.14,-74.74,"Sandyston, NJ",5528
7827,41.29,-74.74,"Montague, NJ",3383
7827,41.29,-74.74,"Branchville, NJ",3383
7827,41.29,-74.74,"Sandyston, NJ",3383
7890,41.14,-74.74,"Branchville, NJ",
7890,41.14,-74.74,"Selected Risks Insurance Co, NJ",
8807,40.59,-74.62,"Bridgewater, NJ",33977
8808,40.71,-75.05,"Broadway, NJ",
7926,40.76,-74.6,"Brookside, NJ",968
7828,40.87,-74.73,"Budd Lake, NJ",11080
7828,40.87,-74.73,"Mount Olive, NJ",11080
7405,40.99,-74.34,"Butler, NJ",16050
7405,40.99,-74.34,"Kinnelon, NJ",16050
7405,40.99,-74.34,"Fayson Lake, NJ",16050
7405,40.99,-74.34,"Fayson Lakes, NJ",16050
7405,40.99,-74.34,"High Crest, NJ",16050
7405,40.99,-74.34,"Lindy Lake, NJ",16050
7829,40.82,-75.04,"Buttzville, NJ",
7004,40.88,-74.3,"Fairfield, NJ",7094
7006,40.83,-74.27,"Caldwell, NJ",22600
7006,40.83,-74.27,"N Caldwell, NJ",22600
7006,40.83,-74.27,"North Caldwell, NJ",22600
7006,40.83,-74.27,"W Caldwell, NJ",22600
7006,40.83,-74.27,"West Caldwell, NJ",22600
7007,40.83,-74.27,"Caldwell, NJ",
7007,40.83,-74.27,"West Caldwell, NJ",
7830,40.71,-74.83,"Califon, NJ",5979
7830,40.71,-74.83,"Tewksbury Township, NJ",5979
7830,40.71,-74.83,"Tewksbury Twp, NJ",5979
7008,40.58,-74.22,"Carteret, NJ",18300
7008,40.58,-74.22,"West Carteret, NJ",18300
7009,40.85,-74.22,"Cedar Grove, NJ",10730
7009,40.85,-74.22,"Overbrook, NJ",10730
7927,40.82,-74.45,"Cedar Knolls, NJ",3204
7831,40.74,-74.95,"Changewater, NJ",
7928,40.74,-74.38,"Chatham, NJ",16921
7928,40.74,-74.38,"Chatham Twp, NJ",16921
7930,40.78,-74.69,"Chester, NJ",7622
7010,40.82,-73.98,"Cliffside Park, NJ",18008
7010,40.82,-73.98,"Cliffside Pk, NJ",18008
7010,40.82,-73.98,"Cliff Park, NJ",18008
7011,40.86,-74.15,"Clifton, NJ",32734
7011,40.86,-74.15,"Main Avenue Station, NJ",32734
7012,40.86,-74.15,"Clifton, NJ",10729
7012,40.86,-74.15,"Allwood, NJ",10729
7013,40.86,-74.15,"Clifton, NJ",23975
7014,40.86,-74.15,"Clifton, NJ",4646
7014,40.86,-74.15,"Delawanna, NJ",4646
7015,40.86,-74.15,"Clifton, NJ",740
8809,40.63,-74.91,"Clinton, NJ",4772
7624,40.97,-73.96,"Closter, NJ",7464
7832,40.95,-75.06,"Columbia, NJ",3322
7016,40.65,-74.3,"Cranford, NJ",20361
7626,40.93,-73.95,"Cresskill, NJ",7423
8810,40.38,-74.51,"Dayton, NJ",7524
8810,40.38,-74.51,"South Brunswick, NJ",7524
7833,40.88,-75.04,"Delaware, NJ",
7627,40.95,-73.95,"Demarest, NJ",4545
7834,40.89,-74.48,"Denville, NJ",16065
7801,40.88,-74.55,"Dover, NJ",20418
7801,40.88,-74.55,"Victory Gardens, NJ",20418
7802,40.88,-74.55,"Dover, NJ",1060
7803,40.87,-74.6,"Mine Hill, NJ",3197
7803,40.87,-74.6,"Dover, NJ",3197
7806,40.93,-74.54,"Picatinny Arsenal, NJ",
7806,40.93,-74.54,"Dover, NJ",
7806,40.93,-74.54,"Picatinny Ars, NJ",
7869,40.84,-74.58,"Randolph, NJ",23006
7869,40.84,-74.58,"Dover, NJ",23006
7628,40.94,-73.99,"Dumont, NJ",15212
8812,40.58,-74.46,"Dunellen, NJ",12136
8812,40.58,-74.46,"Green Brook, NJ",12136
8816,40.42,-74.41,"East Brunswick, NJ",42868
8816,40.42,-74.41,"E Brunswick, NJ",42868
7936,40.81,-74.36,"East Hanover, NJ",10659
7017,40.76,-74.21,"East Orange, NJ",25182
7017,40.76,-74.21,"Ampere, NJ",25182
7017,40.76,-74.21,"Doddtown, NJ",25182
7018,40.76,-74.21,"East Orange, NJ",19385
7018,40.76,-74.21,"V A Hospital, NJ",19385
7019,40.76,-74.21,"East Orange, NJ",1090
7020,40.82,-73.97,"Edgewater, NJ",8894
8817,40.52,-74.36,"Edison, NJ",39684
8818,40.52,-74.36,"Edison, NJ",689
8820,40.52,-74.36,"Edison, NJ",35691
8837,40.52,-74.36,"Edison, NJ",13761
8837,40.52,-74.36,"Menlo Park, NJ",13761
8899,40.52,-74.36,"Edison, NJ",
7201,40.66,-74.19,"Elizabeth, NJ",19403
7201,40.66,-74.19,"Betsytown, NJ",19403
7201,40.66,-74.19,"Peterstown, NJ",19403
7201,40.66,-74.19,"Union Square, NJ",19403
7202,40.66,-74.19,"Elizabeth, NJ",29174
7202,40.66,-74.19,"Bayway, NJ",29174
7202,40.66,-74.19,"Elmora, NJ",29174
7202,40.66,-74.19,"Parkandbush, NJ",29174
7203,40.65,-74.26,"Roselle, NJ",17452
7204,40.66,-74.26,"Roselle Park, NJ",11435
7205,40.69,-74.23,"Hillside, NJ",18782
7205,40.69,-74.23,"Ind Hillside, NJ",18782
7205,40.69,-74.23,"Industrial Hillside, NJ",18782
7206,40.66,-74.19,"Elizabethport, NJ",18980
7206,40.66,-74.19,"Elizabeth, NJ",18980
7207,40.66,-74.19,"Elizabeth, NJ",2167
7208,40.66,-74.19,"Elizabeth, NJ",24374
7208,40.66,-74.19,"North Elizabeth, NJ",24374
7407,40.9,-74.11,"Elmwood Park, NJ",17030
7630,40.97,-74.02,"Emerson, NJ",6374
7631,40.89,-73.97,"Englewood, NJ",21826
7632,40.88,-73.94,"Englewood Cliffs, NJ",5088
7632,40.88,-73.94,"Englewd Clfs, NJ",5088
7632,40.88,-73.94,"Englewood, NJ",5088
7021,40.82,-74.28,"Essex Fells, NJ",2007
7410,40.93,-74.11,"Fair Lawn, NJ",29095
7410,40.93,-74.11,"Fairlawn, NJ",29095
7410,40.93,-74.11,"Radburn, NJ",29095
7022,40.81,-74,"Fairview, NJ",9349
7023,40.64,-74.38,"Fanwood, NJ",6663
7931,40.69,-74.62,"Far Hills, NJ",3060
8821,40.51,-74.67,"Flagtown, NJ",452
7836,40.84,-74.7,"Flanders, NJ",10541
7836,40.84,-74.7,"Roxbury Township, NJ",10541
7836,40.84,-74.7,"Roxbury Twp, NJ",10541
8822,40.5,-74.86,"Flemington, NJ",27375
7932,40.77,-74.39,"Florham Park, NJ",9267
7024,40.85,-73.97,"Fort Lee, NJ",29968
7024,40.85,-73.97,"Palisade, NJ",29968
7024,40.85,-73.97,"West Fort Lee, NJ",29968
7416,41.11,-74.58,"Franklin, NJ",4804
7416,41.11,-74.58,"Beaver Lake, NJ",4804
7417,41,-74.2,"Franklin Lakes, NJ",9986
7417,41,-74.2,"Franklin Lks, NJ",9986
8823,40.44,-74.54,"Franklin Park, NJ",8014
8825,40.52,-75.05,"Frenchtown, NJ",3829
7026,40.87,-74.1,"Garfield, NJ",25066
7026,40.87,-74.1,"Outwater, NJ",25066
7026,40.87,-74.1,"Ritz, NJ",25066
7027,40.65,-74.32,"Garwood, NJ",3694
7933,40.7,-74.47,"Gillette, NJ",2952
7934,40.72,-74.67,"Gladstone, NJ",1371
7837,40.98,-74.63,"Glasser, NJ",
8826,40.69,-74.94,"Glen Gardner, NJ",4916
7028,40.8,-74.2,"Glen Ridge, NJ",6868
7418,41.24,-74.48,"Glenwood, NJ",2288
7838,40.84,-74.94,"Great Meadows, NJ",3106
7839,40.97,-74.81,"Greendell, NJ",
7935,40.74,-74.45,"Green Village, NJ",529
7601,40.88,-74.04,"Hackensack, NJ",34232
7601,40.88,-74.04,"Hack, NJ",34232
7602,40.88,-74.04,"Hackensack, NJ",
7603,40.87,-74.02,"Bogota, NJ",6889
7604,40.86,-74.07,"Hasbrouck Heights, NJ",10360
7604,40.86,-74.07,"Hasbrouck Hts, NJ",10360
7605,40.86,-73.99,"Leonia, NJ",7589
7606,40.86,-74.04,"South Hackensack, NJ",2270
7606,40.86,-74.04,"S Hackensack, NJ",2270
7607,40.9,-74.06,"Maywood, NJ",8372
7608,40.85,-74.06,"Teterboro, NJ",
7699,40.85,-74.06,"Teterboro, NJ",
7699,40.85,-74.06,"Nnj Metro P&dc, NJ",
7840,40.85,-74.82,"Hackettstown, NJ",24882
7840,40.85,-74.82,"Allamuchy Twp, NJ",24882
7419,41.14,-74.57,"Hamburg, NJ",7852
7419,41.14,-74.57,"Hardyston, NJ",7852
8827,40.7,-74.96,"Hampton, NJ",4096
7640,40.98,-73.98,"Harrington Park, NJ",4361
7640,40.98,-73.98,"Harrington Pk, NJ",4361
7029,40.74,-74.15,"Harrison, NJ",13420
7029,40.74,-74.15,"East Newark, NJ",13420
7420,41.02,-74.3,"Haskell, NJ",4023
7641,40.96,-73.99,"Haworth, NJ",3115
8828,40.37,-74.42,"Helmetta, NJ",1927
7421,41.16,-74.35,"Hewitt, NJ",6615
7421,41.16,-74.35,"Awosting, NJ",6615
7421,41.16,-74.35,"Greenwood Lake, NJ",6615
7421,41.16,-74.35,"Upper Greenwood Lake, NJ",6615
7842,40.96,-74.48,"Hibernia, NJ",
8829,40.66,-74.89,"High Bridge, NJ",3328
7422,41.17,-74.44,"Highland Lakes, NJ",6178
7422,41.17,-74.44,"Highland Lks, NJ",6178
7422,41.17,-74.44,"Barry Lakes, NJ",6178
8844,40.47,-74.62,"Hillsborough, NJ",34693
8844,40.47,-74.62,"Millstone, NJ",34693
7642,41,-74.04,"Hillsdale, NJ",9206
7676,40.98,-74.06,"Township Of Washington, NJ",8290
7676,40.98,-74.06,"Twp Washingtn, NJ",8290
7676,40.98,-74.06,"Twp Washinton, NJ",8290
7676,40.98,-74.06,"Washington Twps, NJ",8290
7676,40.98,-74.06,"Hillsdale, NJ",8290
7676,40.98,-74.06,"Washington Tnshp, NJ",8290
7676,40.98,-74.06,"Washington Township, NJ",8290
7676,40.98,-74.06,"Washington Twnshp, NJ",8290
7676,40.98,-74.06,"Washington Twp, NJ",8290
7676,40.98,-74.06,"Washington Twsp, NJ",8290
7030,40.74,-74.02,"Hoboken, NJ",37267
7030,40.74,-74.02,"Castle Point, NJ",37267
7030,40.74,-74.02,"Uptown, NJ",37267
7030,40.74,-74.02,"Washington Street, NJ",37267
7423,40.99,-74.09,"Ho Ho Kus, NJ",3722
7843,40.95,-74.65,"Hopatcong, NJ",10538
7844,40.91,-74.96,"Hope, NJ",603
7845,40.85,-74.57,"Ironia, NJ",
8830,40.57,-74.31,"Iselin, NJ",17210
8831,40.34,-74.44,"Monroe Township, NJ",41128
8831,40.34,-74.44,"Jamesburg, NJ",41128
8831,40.34,-74.44,"Monroe, NJ",41128
8831,40.34,-74.44,"Monroe Twp, NJ",41128
7097,40.71,-74.06,"Jersey City, NJ",
7097,40.71,-74.06,"Nj International And Bmc, NJ",
7302,40.71,-74.06,"Jersey City, NJ",28393
7303,40.71,-74.06,"Jersey City, NJ",1707
7304,40.71,-74.06,"Jersey City, NJ",31180
7305,40.71,-74.06,"Jersey City, NJ",46569
7305,40.71,-74.06,"Ellis Island, NJ",46569
7305,40.71,-74.06,"Greenville, NJ",46569
7306,40.71,-74.06,"Jersey City, NJ",39173
7307,40.71,-74.06,"Jersey City, NJ",34041
7308,40.71,-74.06,"Jersey City, NJ",
7308,40.71,-74.06,"Five Corners, NJ",
7310,40.71,-74.06,"Jersey City, NJ",9640
7311,40.71,-74.06,"Jersey City, NJ",430
7395,40.72,-74.08,"Jersey City, NJ",
7395,40.72,-74.08,"New Jersey Bmc, NJ",
7399,40.71,-74.06,"Jersey City, NJ",
7399,40.71,-74.06,"Pershing, NJ",
7846,40.96,-74.88,"Johnsonburg, NJ",
7031,40.79,-74.12,"North Arlington, NJ",13771
7031,40.79,-74.12,"N Arlington, NJ",13771
7032,40.75,-74.11,"Kearny, NJ",31241
7032,40.75,-74.11,"Arlington, NJ",31241
7032,40.75,-74.11,"South Kearny, NJ",31241
7032,40.75,-74.11,"West Arlington, NJ",31241
7099,40.75,-74.11,"Kearny, NJ",
7099,40.75,-74.11,"Dominick V Daniels, NJ",
8832,40.51,-74.31,"Keasbey, NJ",2437
8824,40.41,-74.56,"Kendall Park, NJ",11637
7033,40.67,-74.28,"Kenilworth, NJ",7022
7847,40.88,-74.62,"Kenvil, NJ",1520
7848,41.09,-74.68,"Lafayette, NJ",3917
7034,40.88,-74.38,"Lake Hiawatha, NJ",8365
7034,40.88,-74.38,"Lk Hiawatha, NJ",8365
7849,40.96,-74.61,"Lake Hopatcong, NJ",7845
7849,40.96,-74.61,"Lk Hopatcong, NJ",7845
7850,40.9,-74.66,"Landing, NJ",5877
7851,41.21,-74.82,"Layton, NJ",
7851,41.21,-74.82,"Sandyston, NJ",
8833,40.64,-74.83,"Lebanon, NJ",8101
7852,40.88,-74.66,"Ledgewood, NJ",3257
7938,40.68,-74.56,"Liberty Corner, NJ",
7938,40.68,-74.56,"Liberty Cor, NJ",
7035,40.92,-74.3,"Lincoln Park, NJ",9191
7036,40.62,-74.23,"Linden, NJ",35142
7036,40.62,-74.23,"Winfield Park, NJ",35142
7036,40.62,-74.23,"Tremley, NJ",35142
7036,40.62,-74.23,"Tremley Point, NJ",35142
7424,40.87,-74.21,"Little Falls, NJ",20128
7424,40.87,-74.21,"West Paterson, NJ",20128
7424,40.87,-74.21,"Woodland Park, NJ",20128
7424,40.87,-74.21,"Great Notch, NJ",20128
7424,40.87,-74.21,"Singac, NJ",20128
7424,40.87,-74.21,"W Paterson, NJ",20128
7643,40.84,-74.03,"Little Ferry, NJ",8899
8834,40.6,-75.05,"Little York, NJ",
7039,40.78,-74.32,"Livingston, NJ",27160
7644,40.87,-74.08,"Lodi, NJ",19903
7853,40.78,-74.76,"Long Valley, NJ",11904
7428,41.2,-74.55,"Mc Afee, NJ",514
7428,41.2,-74.55,"Mcafee, NJ",514
7940,40.75,-74.41,"Madison, NJ",12693
7430,41.08,-74.18,"Mahwah, NJ",21442
7495,41.08,-74.18,"Mahwah, NJ",
8835,40.54,-74.58,"Manville, NJ",8927
7040,40.73,-74.27,"Maplewood, NJ",20973
7040,40.73,-74.27,"Maplecrest, NJ",20973
8836,40.6,-74.56,"Martinsville, NJ",3670
7945,40.76,-74.59,"Mendham, NJ",9193
7945,40.76,-74.59,"Mendham Twsp, NJ",9193
8840,40.54,-74.36,"Metuchen, NJ",15163
8846,40.57,-74.5,"Middlesex, NJ",12094
7855,41.06,-74.89,"Middleville, NJ",
7432,40.99,-74.14,"Midland Park, NJ",6264
7432,40.99,-74.14,"Midland Pk, NJ",6264
8848,40.56,-75.09,"Milford, NJ",7470
7041,40.74,-74.32,"Millburn, NJ",6225
7946,40.66,-74.51,"Millington, NJ",2970
8850,40.45,-74.43,"Milltown, NJ",7643
8852,40.38,-74.54,"Monmouth Junction, NJ",14675
8852,40.38,-74.54,"Monmouth Jct, NJ",14675
7042,40.82,-74.21,"Montclair, NJ",21177
7043,40.82,-74.21,"Montclair, NJ",10966
7043,40.82,-74.21,"Upper Montclair, NJ",10966
7043,40.82,-74.21,"Upr Montclair, NJ",10966
7044,40.83,-74.24,"Verona, NJ",11979
7645,41.05,-74.04,"Montvale, NJ",7226
7045,40.9,-74.36,"Montville, NJ",9442
7045,40.9,-74.36,"Lower Montville, NJ",9442
7045,40.9,-74.36,"Montville Township, NJ",9442
7950,40.83,-74.48,"Morris Plains, NJ",17593
7950,40.83,-74.48,"Greystone Park, NJ",17593
7950,40.83,-74.48,"Greystone Pk, NJ",17593
7960,40.79,-74.47,"Morristown, NJ",33647
7961,40.79,-74.47,"Convent Station, NJ",
7961,40.79,-74.47,"Convent Sta, NJ",
7961,40.79,-74.47,"Morristown, NJ",
7962,40.79,-74.47,"Morristown, NJ",
7963,40.79,-74.47,"Morristown, NJ",
7046,40.89,-74.44,"Mountain Lakes, NJ",3888
7046,40.89,-74.44,"Mountain Lks, NJ",3888
7856,40.91,-74.64,"Mount Arlington, NJ",3426
7856,40.91,-74.64,"Mt Arlington, NJ",3426
7970,40.84,-74.48,"Mount Freedom, NJ",
8853,40.49,-74.73,"Neshanic Station, NJ",4879
8853,40.49,-74.73,"Branchburg, NJ",4879
8853,40.49,-74.73,"Neshanic Sta, NJ",4879
7857,40.89,-74.7,"Netcong, NJ",2788
7101,40.72,-74.17,"Newark, NJ",1640
7102,40.72,-74.17,"Newark, NJ",5503
7102,40.72,-74.17,"Academy, NJ",5503
7102,40.72,-74.17,"Midtown, NJ",5503
7102,40.72,-74.17,"Washington Park, NJ",5503
7103,40.72,-74.17,"Newark, NJ",20135
7104,40.72,-74.17,"Newark, NJ",35277
7105,40.72,-74.17,"Newark, NJ",29429
7105,40.72,-74.17,"Ironbound, NJ",29429
7106,40.72,-74.17,"Newark, NJ",22439
7106,40.72,-74.17,"Vailsburg, NJ",22439
7107,40.72,-74.17,"Newark, NJ",25902
7107,40.72,-74.17,"Roseville, NJ",25902
7108,40.72,-74.17,"Newark, NJ",15957
7109,40.79,-74.16,"Belleville, NJ",30299
7110,40.81,-74.15,"Nutley, NJ",25001
7111,40.72,-74.23,"Irvington, NJ",41875
7111,40.72,-74.23,"Township Of Irvington, NJ",41875
7112,40.72,-74.17,"Newark, NJ",19082
7112,40.72,-74.17,"Weequahic, NJ",19082
7114,40.72,-74.17,"Newark, NJ",6170
7175,40.72,-74.17,"Newark, NJ",
7175,40.72,-74.17,"Usps, NJ",
7184,40.72,-74.17,"Newark, NJ",
7184,40.72,-74.17,"Cenlar Bank, NJ",
7188,40.72,-74.17,"Newark, NJ",
7188,40.72,-74.17,"Jp Morgan Chase, NJ",
7189,40.72,-74.17,"Newark, NJ",
7189,40.72,-74.17,"Bank Of America, NJ",
7191,40.72,-74.17,"Newark, NJ",
7191,40.72,-74.17,"Wachovia Bank, NJ",
7192,40.72,-74.17,"Newark, NJ",
7192,40.72,-74.17,"Wachovia Bnk, NJ",
7193,40.72,-74.17,"Newark, NJ",
7193,40.72,-74.17,"J P Morgan Chase, NJ",
7195,40.72,-74.17,"Newark, NJ",
7195,40.72,-74.17,"The Bank Of New York, NJ",
7198,40.72,-74.17,"Newark, NJ",
7198,40.72,-74.17,"Bank Of New York, NJ",
7199,40.72,-74.17,"Newark, NJ",
7199,40.72,-74.17,"Merrill Lynch Inc, NJ",
8901,40.48,-74.44,"New Brunswick, NJ",28187
8902,40.45,-74.48,"North Brunswick, NJ",34952
8902,40.45,-74.48,"N Brunswick, NJ",34952
8902,40.45,-74.48,"New Brunswick, NJ",34952
8903,40.48,-74.44,"New Brunswick, NJ",1450
8904,40.5,-74.42,"Highland Park, NJ",11275
8904,40.5,-74.42,"New Brunswick, NJ",11275
8905,40.48,-74.44,"New Brunswick, NJ",
8905,40.48,-74.44,"Wachovia, NJ",
8906,40.48,-74.44,"New Brunswick, NJ",
8906,40.48,-74.44,"Kilmer Gmf, NJ",
8933,40.48,-74.44,"New Brunswick, NJ",
8933,40.48,-74.44,"Johnson & Johnson, NJ",
8989,40.48,-74.44,"New Brunswick, NJ",
8989,40.48,-74.44,"Merrill Lynch, NJ",
7435,41.07,-74.42,"Newfoundland, NJ",2314
7435,41.07,-74.42,"Green Pond, NJ",2314
7435,41.07,-74.42,"Greenpond, NJ",2314
7646,40.93,-74.01,"New Milford, NJ",14165
7646,40.93,-74.01,"N Milford, NJ",14165
7974,40.7,-74.4,"New Providence, NJ",10648
7974,40.7,-74.4,"New Providnce, NJ",10648
7974,40.7,-74.4,"Murray Hill, NJ",10648
7860,41.05,-74.75,"Newton, NJ",21086
7860,41.05,-74.75,"Fredon, NJ",21086
7860,41.05,-74.75,"Fredon Township, NJ",21086
7860,41.05,-74.75,"Fredon Twp, NJ",21086
7976,40.73,-74.48,"New Vernon, NJ",1310
7047,40.79,-74.02,"North Bergen, NJ",45454
7047,40.79,-74.02,"Tyler Park, NJ",45454
7047,40.79,-74.02,"Woodcliff, NJ",45454
7647,41,-73.95,"Northvale, NJ",4171
7647,41,-73.95,"Rockleigh, NJ",4171
7648,40.99,-73.95,"Norwood, NJ",5033
7436,41.03,-74.24,"Oakland, NJ",11508
7438,41.04,-74.48,"Oak Ridge, NJ",10328
7438,41.04,-74.48,"Cozy Lake, NJ",10328
7438,41.04,-74.48,"Jefferson Township, NJ",10328
7438,41.04,-74.48,"Jefferson Twp, NJ",10328
7438,41.04,-74.48,"Lake Swannanoa, NJ",10328
7439,41.07,-74.59,"Ogdensburg, NJ",2250
8857,40.39,-74.33,"Old Bridge, NJ",34538
8858,40.66,-74.74,"Oldwick, NJ",695
7649,40.95,-74.03,"Oradell, NJ",7355
7050,40.76,-74.23,"Orange, NJ",22984
7051,40.76,-74.23,"Orange, NJ",616
7052,40.79,-74.26,"West Orange, NJ",39097
7052,40.79,-74.26,"Town Center, NJ",39097
7863,40.81,-74.99,"Oxford, NJ",3674
7650,40.84,-73.99,"Palisades Park, NJ",13274
7650,40.84,-73.99,"Palisades Pk, NJ",13274
7652,40.94,-74.07,"Paramus, NJ",22875
7653,40.94,-74.07,"Paramus, NJ",
7656,41.03,-74.04,"Park Ridge, NJ",7922
8859,40.45,-74.3,"Parlin, NJ",20576
7054,40.85,-74.4,"Parsippany, NJ",26016
7054,40.85,-74.4,"Parsippany Troy Hills, NJ",26016
7054,40.85,-74.4,"Troy Hills, NJ",26016
7055,40.85,-74.12,"Passaic, NJ",51244
7055,40.85,-74.12,"Dundee, NJ",51244
7055,40.85,-74.12,"Passaic Park, NJ",51244
7057,40.85,-74.1,"Wallington, NJ",9893
7501,40.91,-74.16,"Paterson, NJ",22824
7502,40.91,-74.16,"Paterson, NJ",12805
7502,40.91,-74.16,"Totowa, NJ",12805
7502,40.91,-74.16,"Hillcrest, NJ",12805
7503,40.91,-74.16,"Paterson, NJ",14649
7503,40.91,-74.16,"South Paterson, NJ",14649
7504,40.91,-74.16,"Paterson, NJ",10707
7505,40.91,-74.16,"Paterson, NJ",1388
7506,40.95,-74.15,"Hawthorne, NJ",16150
7507,40.95,-74.15,"Hawthorne, NJ",
7508,40.93,-74.18,"Haledon, NJ",19084
7508,40.93,-74.18,"North Haledon, NJ",19084
7508,40.93,-74.18,"Paterson, NJ",19084
7508,40.93,-74.18,"Prospect Park, NJ",19084
7508,40.93,-74.18,"Prospect Pk, NJ",19084
7509,40.91,-74.16,"Paterson, NJ",1738
7510,40.91,-74.16,"Paterson, NJ",
7511,40.9,-74.22,"Totowa, NJ",
7511,40.9,-74.22,"Paterson, NJ",
7512,40.9,-74.22,"Totowa, NJ",9063
7512,40.9,-74.22,"Paterson, NJ",9063
7512,40.9,-74.22,"Totowa Boro, NJ",9063
7513,40.91,-74.16,"Paterson, NJ",9915
7513,40.91,-74.16,"Peoples Park, NJ",9915
7514,40.91,-74.16,"Paterson, NJ",14312
7522,40.91,-74.16,"Paterson, NJ",15644
7524,40.91,-74.16,"Paterson, NJ",9948
7533,40.91,-74.16,"Paterson, NJ",
7533,40.91,-74.16,"South Paterson, NJ",
7538,40.93,-74.18,"Haledon, NJ",
7538,40.93,-74.18,"Paterson, NJ",
7538,40.93,-74.18,"North Haledon, NJ",
7538,40.93,-74.18,"Prospect Park, NJ",
7543,40.91,-74.16,"Paterson, NJ",
7543,40.91,-74.16,"Peoples Park, NJ",
7544,40.91,-74.16,"Paterson, NJ",669
7977,40.7,-74.66,"Peapack, NJ",845
7440,40.94,-74.29,"Pequannock, NJ",4127
7440,40.94,-74.29,"Pequannock Township, NJ",4127
8861,40.52,-74.27,"Perth Amboy, NJ",41825
8861,40.52,-74.27,"Hopelawn, NJ",41825
8862,40.52,-74.27,"Perth Amboy, NJ",1430
8863,40.54,-74.31,"Fords, NJ",11015
8863,40.54,-74.31,"Perth Amboy, NJ",11015
8865,40.68,-75.18,"Phillipsburg, NJ",24138
8865,40.68,-75.18,"Alpha, NJ",24138
8865,40.68,-75.18,"Delaware Park, NJ",24138
8865,40.68,-75.18,"Harmony Township, NJ",24138
8865,40.68,-75.18,"Lopatcong, NJ",24138
7058,40.86,-74.34,"Pine Brook, NJ",5037
7058,40.86,-74.34,"Pinebrook, NJ",5037
8854,40.51,-74.45,"Piscataway, NJ",43472
8855,40.51,-74.45,"Piscataway, NJ",428
8867,40.57,-74.96,"Pittstown, NJ",4651
7059,40.63,-74.51,"Warren, NJ",14590
7060,40.63,-74.4,"Plainfield, NJ",32363
7060,40.63,-74.4,"N Plainfield, NJ",32363
7060,40.63,-74.4,"North Plainfield, NJ",32363
7060,40.63,-74.4,"Muhlenberg, NJ",32363
7061,40.63,-74.4,"Plainfield, NJ",1121
7062,40.63,-74.4,"Plainfield, NJ",10678
7062,40.63,-74.4,"N Plainfield, NJ",10678
7062,40.63,-74.4,"North Plainfield, NJ",10678
7063,40.63,-74.4,"Plainfield, NJ",10226
7063,40.63,-74.4,"N Plainfield, NJ",10226
7063,40.63,-74.4,"North Plainfield, NJ",10226
7069,40.64,-74.44,"Watchung, NJ",5361
7069,40.64,-74.44,"Plainfield, NJ",5361
7978,40.66,-74.68,"Pluckemin, NJ",
7442,41,-74.28,"Pompton Lakes, NJ",9786
7442,41,-74.28,"Pompton Falls, NJ",9786
7444,40.96,-74.3,"Pompton Plains, NJ",10193
7444,40.96,-74.3,"Pompton Plns, NJ",10193
7865,40.79,-74.91,"Port Murray, NJ",2430
7064,40.56,-74.24,"Port Reading, NJ",3342
7979,40.66,-74.82,"Pottersville, NJ",577
8868,40.55,-74.94,"Quakertown, NJ",
7065,40.6,-74.28,"Rahway, NJ",22711
7066,40.62,-74.31,"Clark, NJ",13402
7067,40.59,-74.31,"Colonia, NJ",16467
7446,41.05,-74.14,"Ramsey, NJ",13317
7446,41.05,-74.14,"Darlington, NJ",13317
8869,40.57,-74.64,"Raritan, NJ",5803
8870,40.57,-74.73,"Readington, NJ",
7657,40.83,-74.01,"Ridgefield, NJ",9186
7657,40.83,-74.01,"Morsemere, NJ",9186
7660,40.85,-74.02,"Ridgefield Park, NJ",10825
7660,40.85,-74.02,"Ridgefield Pk, NJ",10825
7450,40.98,-74.11,"Ridgewood, NJ",21805
7451,40.98,-74.11,"Ridgewood, NJ",
7452,40.95,-74.12,"Glen Rock, NJ",10630
7452,40.95,-74.12,"Ridgewood, NJ",10630
7456,41.11,-74.27,"Ringwood, NJ",11161
7456,41.11,-74.27,"Cupsaw Lake, NJ",11161
7456,41.11,-74.27,"Erskine, NJ",11161
7456,41.11,-74.27,"Erskine Lakes, NJ",11161
7456,41.11,-74.27,"Skyline Lakes, NJ",11161
7457,40.99,-74.3,"Riverdale, NJ",3259
7457,40.99,-74.3,"Pompton Junction, NJ",3259
7661,40.92,-74.04,"River Edge, NJ",10002
7662,40.9,-74.07,"Rochelle Park, NJ",5133
7663,40.9,-74.09,"Saddle Brook, NJ",12144
7866,40.89,-74.51,"Rockaway, NJ",20639
7068,40.82,-74.3,"Roseland, NJ",5568
7070,40.81,-74.1,"Rutherford, NJ",15695
7071,40.79,-74.11,"Lyndhurst, NJ",17397
7072,40.82,-74.06,"Carlstadt, NJ",5244
7073,40.81,-74.08,"East Rutherford, NJ",7669
7073,40.81,-74.08,"E Rutherford, NJ",7669
7074,40.84,-74.05,"Moonachie, NJ",2419
7075,40.85,-74.08,"Wood Ridge, NJ",6891
7075,40.85,-74.08,"Wood-ridge, NJ",6891
7458,41.02,-74.09,"Saddle River, NJ",10410
7458,41.02,-74.09,"U Saddle Riv, NJ",10410
7458,41.02,-74.09,"Upper Saddle River, NJ",10410
8871,40.46,-74.32,"Sayreville, NJ",
8872,40.46,-74.32,"Sayreville, NJ",16564
7870,40.78,-74.79,"Schooleys Mountain, NJ",
7870,40.78,-74.79,"Schooleys Mtn, NJ",
7076,40.63,-74.37,"Scotch Plains, NJ",21342
7094,40.78,-74.06,"Secaucus, NJ",14192
7096,40.78,-74.06,"Secaucus, NJ",
7096,40.78,-74.06,"Meadows, NJ",
7096,40.78,-74.06,"Plaza, NJ",
7077,40.55,-74.26,"Sewaren, NJ",2427
7078,40.74,-74.33,"Short Hills, NJ",12661
8873,40.49,-74.48,"Somerset, NJ",42921
8873,40.49,-74.48,"East Millstone, NJ",42921
8873,40.49,-74.48,"Franklin Twp, NJ",42921
8873,40.49,-74.48,"Middlebush, NJ",42921
8873,40.49,-74.48,"Zarepath, NJ",42921
8875,40.49,-74.48,"Somerset, NJ",654
8875,40.49,-74.48,"E Millstone, NJ",654
8875,40.49,-74.48,"East Millstone, NJ",654
8890,40.53,-74.56,"Zarephath, NJ",
8876,40.57,-74.61,"Somerville, NJ",19420
8876,40.57,-74.61,"Branchburg, NJ",19420
8876,40.57,-74.61,"North Branch, NJ",19420
8876,40.57,-74.61,"Finderne, NJ",19420
8876,40.57,-74.61,"South Branch, NJ",19420
8879,40.47,-74.29,"South Amboy, NJ",18878
8879,40.47,-74.29,"Laurence Harbor, NJ",18878
8879,40.47,-74.29,"Laurence Hbr, NJ",18878
8879,40.47,-74.29,"Morgan, NJ",18878
8880,40.55,-74.52,"South Bound Brook, NJ",3957
8880,40.55,-74.52,"S Bound Brook, NJ",3957
7079,40.74,-74.26,"South Orange, NJ",13008
7080,40.57,-74.41,"South Plainfield, NJ",20808
7080,40.57,-74.41,"S Plainfield, NJ",20808
8882,40.44,-74.37,"South River, NJ",13440
7871,41.04,-74.62,"Sparta, NJ",18457
8884,40.39,-74.39,"Spotswood, NJ",7032
7081,40.69,-74.32,"Springfield, NJ",14082
7874,40.91,-74.7,"Stanhope, NJ",8305
8885,40.58,-74.81,"Stanton, NJ",
8886,40.69,-75.1,"Stewartsville, NJ",6042
7875,41.05,-74.86,"Stillwater, NJ",
7980,40.68,-74.49,"Stirling, NJ",2093
7460,41.1,-74.53,"Stockholm, NJ",3178
7460,41.1,-74.53,"Hardyston, NJ",3178
7460,41.1,-74.53,"Cliffwood Lake, NJ",3178
7460,41.1,-74.53,"Gerard, NJ",3178
7460,41.1,-74.53,"Lake Stockholm, NJ",3178
7460,41.1,-74.53,"Lake Tamarack, NJ",3178
7460,41.1,-74.53,"Silver Lake, NJ",3178
7876,40.85,-74.65,"Succasunna, NJ",9849
7901,40.71,-74.36,"Summit, NJ",19255
7902,40.71,-74.36,"Summit, NJ",
7461,41.2,-74.6,"Sussex, NJ",16853
7461,41.2,-74.6,"Wantage, NJ",16853
7461,41.2,-74.6,"Beemerville, NJ",16853
7461,41.2,-74.6,"Colesville, NJ",16853
7461,41.2,-74.6,"High Point, NJ",16853
7461,41.2,-74.6,"High Point Park, NJ",16853
7461,41.2,-74.6,"Wallkill Lake, NJ",16853
7461,41.2,-74.6,"Wantage Twp, NJ",16853
7877,41.09,-74.84,"Swartswood, NJ",
7878,40.87,-74.47,"Mount Tabor, NJ",893
7878,40.87,-74.47,"Tabor, NJ",893
7666,40.88,-74.01,"Teaneck, NJ",33593
7666,40.88,-74.01,"West Englewood, NJ",33593
7670,40.91,-73.95,"Tenafly, NJ",12590
8887,40.52,-74.8,"Three Bridges, NJ",978
7082,40.93,-74.34,"Towaco, NJ",5229
7879,40.95,-74.8,"Tranquility, NJ",
7083,40.69,-74.26,"Union, NJ",45808
7083,40.69,-74.26,"Chestnut, NJ",45808
7083,40.69,-74.26,"Townley, NJ",45808
7083,40.69,-74.26,"Union Center, NJ",45808
7086,40.76,-74.01,"Weehawken, NJ",9749
7086,40.76,-74.01,"Union City, NJ",9749
7087,40.76,-74.03,"Union City, NJ",47868
7087,40.76,-74.03,"Bergenline, NJ",47868
7087,40.76,-74.03,"Summit Avenue, NJ",47868
7087,40.76,-74.03,"Weehawken, NJ",47868
7088,40.71,-74.28,"Vauxhall, NJ",2775
7462,41.18,-74.51,"Vernon, NJ",5696
7880,40.87,-74.89,"Vienna, NJ",
7463,41.01,-74.12,"Waldwick, NJ",8512
7881,41.12,-74.91,"Wallpack Center, NJ",
7881,41.12,-74.91,"Wallpack Ctr, NJ",
7465,41.04,-74.29,"Wanaque, NJ",5544
7465,41.04,-74.29,"Midvale, NJ",5544
7882,40.75,-74.98,"Washington, NJ",12451
7470,40.94,-74.24,"Wayne, NJ",46902
7470,40.94,-74.24,"Lionshead Lake, NJ",46902
7470,40.94,-74.24,"Mountain View, NJ",46902
7470,40.94,-74.24,"Packanack Lake, NJ",46902
7470,40.94,-74.24,"Packanack Lk, NJ",46902
7470,40.94,-74.24,"Pines Lake, NJ",46902
7470,40.94,-74.24,"Preakness, NJ",46902
7474,40.94,-74.24,"Wayne, NJ",534
7090,40.65,-74.34,"Westfield, NJ",26906
7091,40.65,-74.34,"Westfield, NJ",
7092,40.68,-74.36,"Mountainside, NJ",5963
7480,41.1,-74.39,"West Milford, NJ",14392
7480,41.1,-74.39,"Gordon Lakes, NJ",14392
7480,41.1,-74.39,"Pine Cliff Lake, NJ",14392
7480,41.1,-74.39,"Shady Lake, NJ",14392
7480,41.1,-74.39,"West Milford Lakes, NJ",14392
7093,40.78,-74,"West New York, NJ",42640
7093,40.78,-74,"Guttenberg, NJ",42640
8201,39.42,-74.49,"Absecon, NJ",9186
8201,39.42,-74.49,"Absecon City, NJ",9186
8201,39.42,-74.49,"Absecon Heights, NJ",9186
8201,39.42,-74.49,"Absecon Highlands, NJ",9186
8201,39.42,-74.49,"Galloway, NJ",9186
8201,39.42,-74.49,"Galloway Township, NJ",9186
8201,39.42,-74.49,"Pinehurst, NJ",9186
8201,39.42,-74.49,"Smithville, NJ",9186
8205,39.48,-74.47,"Absecon, NJ",24427
8205,39.48,-74.47,"Galloway, NJ",24427
8205,39.48,-74.47,"Smithville, NJ",24427
8205,39.48,-74.47,"Galloway Township, NJ",24427
7710,40.21,-74.25,"Adelphia, NJ",
7711,40.23,-74,"Allenhurst, NJ",1496
7711,40.23,-74,"Loch Arbour, NJ",1496
7711,40.23,-74,"W Allenhurst, NJ",1496
7711,40.23,-74,"West Allenhurst, NJ",1496
8501,40.17,-74.58,"Allentown, NJ",5901
8501,40.17,-74.58,"Upper Freehold, NJ",5901
8720,40.13,-74.09,"Allenwood, NJ",974
8001,39.56,-75.34,"Alloway, NJ",1160
8001,39.56,-75.34,"Paradise Lakes, NJ",1160
7712,40.22,-74.01,"Asbury Park, NJ",31680
7712,40.22,-74.01,"Interlaken, NJ",31680
7712,40.22,-74.01,"Ocean, NJ",31680
7712,40.22,-74.01,"Tinton Falls, NJ",31680
7712,40.22,-74.01,"Wanamassa, NJ",31680
7712,40.22,-74.01,"Wayside, NJ",31680
8004,39.76,-74.85,"Atco, NJ",10625
8004,39.76,-74.85,"Waterford Township, NJ",10625
8004,39.76,-74.85,"West Atco, NJ",10625
8401,39.36,-74.42,"Atlantic City, NJ",29186
8402,39.33,-74.5,"Margate City, NJ",5596
8402,39.33,-74.5,"Atlantic City, NJ",5596
8402,39.33,-74.5,"Margate, NJ",5596
8403,39.31,-74.52,"Longport, NJ",849
8403,39.31,-74.52,"Atlantic City, NJ",849
8404,39.36,-74.42,"Atlantic City, NJ",1021
8405,39.36,-74.42,"Atlantic City, NJ",
8405,39.36,-74.42,"Nafec, NJ",
8406,39.34,-74.48,"Ventnor City, NJ",9419
8406,39.34,-74.48,"Atlantic City, NJ",9419
8406,39.34,-74.48,"Ventnor, NJ",9419
8406,39.34,-74.48,"Ventnor Heights, NJ",9419
7716,40.4,-74.03,"Atlantic Highlands, NJ",7144
7716,40.4,-74.03,"Atlantic Hlds, NJ",7144
7716,40.4,-74.03,"Atlantic Hl, NJ",7144
8202,39.09,-74.73,"Avalon, NJ",1508
7717,40.19,-74.01,"Avon By The Sea, NJ",1687
7717,40.19,-74.01,"Avon By Sea, NJ",1687
7717,40.19,-74.01,"Avon, NJ",1687
8005,39.75,-74.22,"Barnegat, NJ",19593
8005,39.75,-74.22,"Barnegat Township, NJ",19593
8005,39.75,-74.22,"Warren Grove, NJ",19593
8006,39.75,-74.11,"Barnegat Light, NJ",687
8006,39.75,-74.11,"Barnegat Lgt, NJ",687
8006,39.75,-74.11,"Barnegat Light Boro, NJ",687
8007,39.87,-75.05,"Barrington, NJ",4458
8721,39.91,-74.21,"Bayville, NJ",17550
8721,39.91,-74.21,"Berkeley Township, NJ",17550
8721,39.91,-74.21,"Berkeley Twp, NJ",17550
8008,39.55,-74.24,"Beach Haven, NJ",6743
8008,39.55,-74.24,"Harvey Cedars, NJ",6743
8008,39.55,-74.24,"Long Bch Twp, NJ",6743
8008,39.55,-74.24,"Long Beach, NJ",6743
8008,39.55,-74.24,"Long Beach Township, NJ",6743
8008,39.55,-74.24,"Ship Bottom, NJ",6743
8008,39.55,-74.24,"Surf City, NJ",6743
8008,39.55,-74.24,"Brant Beach, NJ",6743
8008,39.55,-74.24,"Harvey Cedars Boro, NJ",6743
8008,39.55,-74.24,"High Bar Harbor, NJ",6743
8008,39.55,-74.24,"Loveladies, NJ",6743
8008,39.55,-74.24,"North Beach, NJ",6743
8008,39.55,-74.24,"Ship Bottom Boro, NJ",6743
8008,39.55,-74.24,"Surf City Boro, NJ",6743
8722,39.92,-74.2,"Beachwood, NJ",9570
7718,40.41,-74.08,"Belford, NJ",5572
8502,40.46,-74.64,"Belle Mead, NJ",10011
8502,40.46,-74.64,"Montgomery, NJ",10011
7715,40.17,-74.02,"Belmar, NJ",
7715,40.17,-74.02,"N J Natural Gas Co, NJ",
7719,40.17,-74.02,"Belmar, NJ",18512
7719,40.17,-74.02,"Lake Como, NJ",18512
7719,40.17,-74.02,"Wall, NJ",18512
7719,40.17,-74.02,"Wall Township, NJ",18512
7719,40.17,-74.02,"S Belmar, NJ",18512
7719,40.17,-74.02,"Shark River Manor, NJ",18512
7719,40.17,-74.02,"South Belmar, NJ",18512
7719,40.17,-74.02,"W Belmar, NJ",18512
7719,40.17,-74.02,"Wall Twp, NJ",18512
7719,40.17,-74.02,"West Belmar, NJ",18512
8009,39.79,-74.93,"Berlin, NJ",11467
8009,39.79,-74.93,"Albion, NJ",11467
8009,39.79,-74.93,"Berlin Boro, NJ",11467
8009,39.79,-74.93,"East Berlin, NJ",11467
8009,39.79,-74.93,"Tansboro, NJ",11467
8010,40.06,-74.92,"Beverly, NJ",9089
8010,40.06,-74.92,"Edgewater Park, NJ",9089
8010,40.06,-74.92,"Edgewater Prk, NJ",9089
8011,39.92,-74.53,"Birmingham, NJ",
8012,39.79,-75.06,"Blackwood, NJ",33128
8012,39.79,-75.06,"Turnersville, NJ",33128
8012,39.79,-75.06,"Blenheim, NJ",33128
8012,39.79,-75.06,"Chews Landing, NJ",33128
8012,39.79,-75.06,"Hilltop, NJ",33128
8012,39.79,-75.06,"Lakeland, NJ",33128
8504,40.4,-74.7,"Blawenburg, NJ",
8505,40.14,-74.7,"Bordentown, NJ",15332
8505,40.14,-74.7,"Fieldsboro, NJ",15332
7720,40.2,-74.01,"Bradley Beach, NJ",3588
8723,40.06,-74.11,"Brick, NJ",27903
8723,40.06,-74.11,"Osbornville, NJ",27903
8723,40.06,-74.11,"Bricktown, NJ",27903
8724,40.06,-74.11,"Brick, NJ",37268
8724,40.06,-74.11,"Wall Township, NJ",37268
8724,40.06,-74.11,"Bricktown, NJ",37268
8724,40.06,-74.11,"Wall, NJ",37268
8724,40.06,-74.11,"Wall Twp, NJ",37268
8014,39.8,-75.34,"Bridgeport, NJ",467
8302,39.42,-75.22,"Bridgeton, NJ",32331
8302,39.42,-75.22,"Deerfield Twp, NJ",32331
8302,39.42,-75.22,"Fairfield Twp, NJ",32331
8302,39.42,-75.22,"Stow Creek Twp, NJ",32331
8302,39.42,-75.22,"Upper Deerfield Twp, NJ",32331
8730,40.1,-74.06,"Brielle, NJ",4502
8203,39.41,-74.36,"Brigantine, NJ",8255
8203,39.41,-74.36,"Brigantine City, NJ",8255
8015,39.95,-74.55,"Browns Mills, NJ",17598
8310,39.52,-74.94,"Buena, NJ",1546
8310,39.52,-74.94,"Buena Vista Township, NJ",1546
8016,40.07,-74.85,"Burlington, NJ",27446
8016,40.07,-74.85,"Burlington City, NJ",27446
8016,40.07,-74.85,"Burlington Township, NJ",27446
8016,40.07,-74.85,"Burlngtn City, NJ",27446
8016,40.07,-74.85,"Burlngtn Twp, NJ",27446
8101,39.93,-75.1,"Camden, NJ",426
8102,39.93,-75.1,"Camden, NJ",4388
8103,39.93,-75.1,"Camden, NJ",8064
8104,39.93,-75.1,"Camden, NJ",14926
8104,39.93,-75.1,"Haddon Township, NJ",14926
8104,39.93,-75.1,"Haddon Twp, NJ",14926
8104,39.93,-75.1,"South Camden, NJ",14926
8105,39.93,-75.1,"Camden, NJ",20084
8105,39.93,-75.1,"East Camden, NJ",20084
8106,39.88,-75.07,"Audubon, NJ",8646
8106,39.88,-75.07,"Audubon Park, NJ",8646
8106,39.88,-75.07,"Camden, NJ",8646
8107,39.9,-75.08,"Oaklyn, NJ",10754
8107,39.9,-75.08,"Collingswood, NJ",10754
8107,39.9,-75.08,"Haddon Township, NJ",10754
8107,39.9,-75.08,"Haddon Twp, NJ",10754
8107,39.9,-75.08,"W Colls, NJ",10754
8107,39.9,-75.08,"West Collingswood, NJ",10754
8107,39.9,-75.08,"Woodlynne, NJ",10754
8107,39.9,-75.08,"Camden, NJ",10754
8108,39.91,-75.07,"Collingswood, NJ",15534
8108,39.91,-75.07,"Haddon Township, NJ",15534
8108,39.91,-75.07,"Haddon Twp, NJ",15534
8108,39.91,-75.07,"Westmont, NJ",15534
8108,39.91,-75.07,"Camden, NJ",15534
8109,39.94,-75.05,"Merchantville, NJ",19052
8109,39.94,-75.05,"Pennsauken, NJ",19052
8109,39.94,-75.05,"Camden, NJ",19052
8110,39.96,-75.05,"Pennsauken, NJ",15836
8110,39.96,-75.05,"Delair, NJ",15836
8110,39.96,-75.05,"Camden, NJ",15836
8204,38.94,-74.9,"Cape May, NJ",15523
8204,38.94,-74.9,"N Cape May, NJ",15523
8204,38.94,-74.9,"North Cape May, NJ",15523
8204,38.94,-74.9,"West Cape May, NJ",15523
8204,38.94,-74.9,"Cold Spring, NJ",15523
8204,38.94,-74.9,"Erma, NJ",15523
8204,38.94,-74.9,"Fishing Creek, NJ",15523
8204,38.94,-74.9,"Town Bank, NJ",15523
8210,39.07,-74.82,"Cape May Court House, NJ",13739
8210,39.07,-74.82,"Cape May Ch, NJ",13739
8210,39.07,-74.82,"Burleigh, NJ",13739
8210,39.07,-74.82,"Clermont, NJ",13739
8210,39.07,-74.82,"Mayville, NJ",13739
8210,39.07,-74.82,"Swainton, NJ",13739
8212,38.93,-74.96,"Cape May Point, NJ",
8212,38.93,-74.96,"Cape May Pt, NJ",
8018,39.72,-74.9,"Cedar Brook, NJ",
8311,39.32,-75.2,"Cedarville, NJ",1831
8019,39.75,-74.46,"Chatsworth, NJ",871
8002,39.9,-74.99,"Cherry Hill, NJ",18807
8002,39.9,-74.99,"Cherry Hill Township, NJ",18807
8002,39.9,-74.99,"Ellisburg, NJ",18807
8002,39.9,-74.99,"Erlton, NJ",18807
8003,39.9,-74.99,"Cherry Hill, NJ",27889
8003,39.9,-74.99,"Cherry Hill Township, NJ",27889
8003,39.9,-74.99,"Woodcrest, NJ",27889
8034,39.9,-74.99,"Cherry Hill, NJ",16356
8034,39.9,-74.99,"Ashland, NJ",16356
8034,39.9,-74.99,"Cherry Hill Township, NJ",16356
8020,39.8,-75.22,"Clarksboro, NJ",1925
8510,40.19,-74.42,"Millstone Township, NJ",4375
8510,40.19,-74.42,"Clarksburg, NJ",4375
8510,40.19,-74.42,"Millstone Twp, NJ",4375
8510,40.19,-74.42,"Millstone, NJ",4375
8526,40.16,-74.49,"Imlaystown, NJ",
8526,40.16,-74.49,"Clarksburg, NJ",
8312,39.65,-75.08,"Clayton, NJ",6392
8021,39.8,-74.98,"Clementon, NJ",37348
8021,39.8,-74.98,"Laurel Spgs, NJ",37348
8021,39.8,-74.98,"Laurel Springs, NJ",37348
8021,39.8,-74.98,"Lindenwold, NJ",37348
8021,39.8,-74.98,"Pine Hill, NJ",37348
8021,39.8,-74.98,"Pine Valley, NJ",37348
7721,40.43,-74.23,"Cliffwood, NJ",2549
8213,39.51,-74.56,"Cologne, NJ",
7722,40.28,-74.16,"Colts Neck, NJ",9440
7722,40.28,-74.16,"Earle Naval Weapons Station, NJ",9440
7722,40.28,-74.16,"Phalanx, NJ",9440
7722,40.28,-74.16,"Vanderburg, NJ",9440
8022,40.06,-74.68,"Columbus, NJ",8335
8022,40.06,-74.68,"Mansfield, NJ",8335
8511,40.04,-74.55,"Cookstown, NJ",897
8512,40.31,-74.51,"Cranbury, NJ",9761
8512,40.31,-74.51,"East Windsor, NJ",9761
8512,40.31,-74.51,"E Windsor, NJ",9761
8514,40.14,-74.49,"Cream Ridge, NJ",4004
8514,40.14,-74.49,"Creamridge, NJ",4004
8514,40.14,-74.49,"Upper Freehold Township, NJ",4004
8515,40.15,-74.66,"Chesterfield, NJ",4172
8515,40.15,-74.66,"Crosswicks, NJ",4172
8515,40.15,-74.66,"Chesterfield Township, NJ",4172
7723,40.24,-73.99,"Deal, NJ",875
7723,40.24,-73.99,"Deal Park, NJ",875
8023,39.62,-75.51,"Deepwater, NJ",461
8313,39.49,-75.21,"Deerfield Street, NJ",
8313,39.49,-75.21,"Deerfield St, NJ",
8313,39.49,-75.21,"Deerfield, NJ",
8314,39.2,-74.97,"Delmont, NJ",
8214,39.22,-74.85,"Dennisville, NJ",
8214,39.22,-74.85,"North Dennis, NJ",
8315,39.22,-75.13,"Dividing Creek, NJ",
8315,39.22,-75.13,"Dividing Crk, NJ",
8316,39.28,-74.94,"Dorchester, NJ",
8317,39.4,-74.82,"Dorothy, NJ",1120
7724,40.29,-74.05,"Eatontown, NJ",18937
7724,40.29,-74.05,"Tinton Falls, NJ",18937
7724,40.29,-74.05,"Monmouth, NJ",18937
7724,40.29,-74.05,"Shrewsbury Township, NJ",18937
7724,40.29,-74.05,"Vail Homes, NJ",18937
7799,40.29,-74.05,"Eatontown, NJ",
8215,39.56,-74.59,"Egg Harbor City, NJ",11254
8215,39.56,-74.59,"Egg Harbor Cy, NJ",11254
8215,39.56,-74.59,"Egg Hbr City, NJ",11254
8215,39.56,-74.59,"Devonshire, NJ",11254
8215,39.56,-74.59,"Egg Harbor, NJ",11254
8215,39.56,-74.59,"Germania, NJ",11254
8215,39.56,-74.59,"Green Bank, NJ",11254
8215,39.56,-74.59,"Lower Bank, NJ",11254
8215,39.56,-74.59,"South Egg Harbor, NJ",11254
8215,39.56,-74.59,"Weekstown, NJ",11254
8318,39.59,-75.17,"Elmer, NJ",10908
8318,39.59,-75.17,"Pittsgrove, NJ",10908
8318,39.59,-75.17,"Centerton, NJ",10908
8318,39.59,-75.17,"Daretown, NJ",10908
8318,39.59,-75.17,"Pittsgrov Twp, NJ",10908
8318,39.59,-75.17,"Pittsgrove Township, NJ",10908
8217,39.6,-74.68,"Elwood, NJ",
7726,40.29,-74.36,"Englishtown, NJ",39570
7726,40.29,-74.36,"Manalapan, NJ",39570
8319,39.35,-74.77,"Estell Manor, NJ",1187
8025,39.71,-75.23,"Ewan, NJ",
8320,39.37,-75.21,"Fairton, NJ",
7727,40.19,-74.17,"Farmingdale, NJ",6073
7727,40.19,-74.17,"Tinton Falls, NJ",6073
7727,40.19,-74.17,"Wall Township, NJ",6073
7727,40.19,-74.17,"Wall, NJ",6073
7727,40.19,-74.17,"Wall Twp, NJ",6073
8518,40.11,-74.8,"Florence, NJ",4285
8731,39.84,-74.19,"Forked River, NJ",17395
8731,39.84,-74.19,"Lacey, NJ",17395
8321,39.22,-75.13,"Fortescue, NJ",
8322,39.61,-75.02,"Franklinville, NJ",9278
7728,40.25,-74.27,"Freehold, NJ",46233
7728,40.25,-74.27,"East Freehold, NJ",46233
7728,40.25,-74.27,"Georgia, NJ",46233
7728,40.25,-74.27,"Jerseyville, NJ",46233
7728,40.25,-74.27,"Millhurst, NJ",46233
8026,39.83,-74.96,"Gibbsboro, NJ",2097
8027,39.82,-75.27,"Gibbstown, NJ",4419
8028,39.7,-75.11,"Glassboro, NJ",13452
8028,39.7,-75.11,"Aura, NJ",13452
8029,39.84,-75.06,"Glendora, NJ",4040
8030,39.89,-75.11,"Gloucester City, NJ",10400
8030,39.89,-75.11,"Brooklawn, NJ",10400
8030,39.89,-75.11,"Gloucester Cy, NJ",10400
8030,39.89,-75.11,"Gloucstr City, NJ",10400
8030,39.89,-75.11,"Gloucester, NJ",10400
8218,39.11,-74.86,"Goshen, NJ",
8219,39.04,-74.91,"Green Creek, NJ",
8323,39.39,-75.36,"Greenwich, NJ",690
8323,39.39,-75.36,"Greenwich Township, NJ",690
8032,39.77,-75.05,"Grenloch, NJ",
8033,39.89,-75.03,"Haddonfield, NJ",14871
8033,39.89,-75.03,"East Haddonfield, NJ",14871
8033,39.89,-75.03,"Tavistock, NJ",14871
8035,39.87,-75.06,"Haddon Heights, NJ",6656
8035,39.87,-75.06,"Haddon Hgts, NJ",6656
8035,39.87,-75.06,"Haddon Hts, NJ",6656
8036,39.98,-74.82,"Hainesport, NJ",5464
8036,39.98,-74.82,"Hainesport Township, NJ",5464
8036,39.98,-74.82,"Hainesprt Twp, NJ",5464
8037,39.65,-74.77,"Hammonton, NJ",20771
8037,39.65,-74.77,"Batsto, NJ",20771
8037,39.65,-74.77,"Ancora, NJ",20771
8037,39.65,-74.77,"Blue Anchor, NJ",20771
8037,39.65,-74.77,"Braddock, NJ",20771
8037,39.65,-74.77,"Elm, NJ",20771
8037,39.65,-74.77,"Folsom, NJ",20771
8037,39.65,-74.77,"Nesco, NJ",20771
8037,39.65,-74.77,"Rosedale, NJ",20771
8037,39.65,-74.77,"Sweetwater, NJ",20771
8038,39.47,-75.45,"Hancocks Bridge, NJ",
8038,39.47,-75.45,"Hancocks Brg, NJ",
8039,39.73,-75.32,"Harrisonville, NJ",
7730,40.42,-74.17,"Hazlet, NJ",15325
8324,39.24,-74.99,"Heislerville, NJ",
8324,39.24,-74.99,"Thompson Beach, NJ",
7732,40.4,-73.99,"Highlands, NJ",4081
7732,40.4,-73.99,"Sandy Hook, NJ",4081
7732,40.4,-73.99,"Gateway National Recreation, NJ",4081
7732,40.4,-73.99,"Monmouth Hills, NJ",4081
8520,40.26,-74.52,"Hightstown, NJ",24186
8520,40.26,-74.52,"East Windsor, NJ",24186
8520,40.26,-74.52,"E Windsor, NJ",24186
7733,40.37,-74.17,"Holmdel, NJ",15555
7733,40.37,-74.17,"Holmdel Village, NJ",15555
8525,40.38,-74.76,"Hopewell, NJ",4389
8525,40.38,-74.76,"Hopewell Township, NJ",4389
8525,40.38,-74.76,"Hopewell Twp, NJ",4389
7731,40.14,-74.19,"Howell, NJ",35010
7731,40.14,-74.19,"Wall Township, NJ",35010
7731,40.14,-74.19,"Wall, NJ",35010
7731,40.14,-74.19,"Wall Twp, NJ",35010
8732,39.94,-74.14,"Island Heights, NJ",1563
8732,39.94,-74.14,"Island Hgts, NJ",1563
8527,40.1,-74.35,"Jackson, NJ",47406
8527,40.1,-74.35,"Jackson Township, NJ",47406
8527,40.1,-74.35,"Jackson Twp, NJ",47406
8041,40.03,-74.68,"Jobstown, NJ",897
8042,39.95,-74.66,"Juliustown, NJ",
7734,40.44,-74.13,"Keansburg, NJ",10496
7734,40.44,-74.13,"East Keansburg, NJ",10496
7734,40.44,-74.13,"Ideal Beach, NJ",10496
7734,40.44,-74.13,"W Keansburg, NJ",10496
7734,40.44,-74.13,"West Keansburg, NJ",10496
7735,40.43,-74.2,"Keyport, NJ",16520
7735,40.43,-74.2,"Union Beach, NJ",16520
7735,40.43,-74.2,"Cliffwood Bch, NJ",16520
7735,40.43,-74.2,"Cliffwood Beach, NJ",16520
8528,40.37,-74.6,"Kingston, NJ",431
8043,39.84,-74.95,"Voorhees, NJ",24732
8043,39.84,-74.95,"Kirkwd Vrhes, NJ",24732
8043,39.84,-74.95,"Kirkwood, NJ",24732
8043,39.84,-74.95,"Echelon, NJ",24732
8043,39.84,-74.95,"Kirkwd Voorhs, NJ",24732
8043,39.84,-74.95,"Voorhees Kirkwood, NJ",24732
8043,39.84,-74.95,"Voorhees Township, NJ",24732
8733,40.01,-74.32,"Lakehurst, NJ",2437
8733,40.01,-74.32,"Lakehurst Nae, NJ",2437
8733,40.01,-74.32,"Lakehurst Naec, NJ",2437
8733,40.01,-74.32,"Manchester, NJ",2437
8733,40.01,-74.32,"Manchester Township, NJ",2437
8733,40.01,-74.32,"Manchester Twp, NJ",2437
8759,39.93,-74.39,"Manchester Township, NJ",27892
8759,39.93,-74.39,"Lakehurst, NJ",27892
8759,39.93,-74.39,"Manchester, NJ",27892
8759,39.93,-74.39,"Manchester Tw, NJ",27892
8759,39.93,-74.39,"Whiting, NJ",27892
8701,40.09,-74.21,"Lakewood, NJ",52778
8530,40.36,-74.94,"Lambertville, NJ",6511
8530,40.36,-74.94,"West Amwell, NJ",6511
8326,39.52,-74.93,"Landisville, NJ",1399
8734,39.86,-74.16,"Lanoka Harbor, NJ",6888
8734,39.86,-74.16,"Lacey Township, NJ",6888
8735,39.96,-74.06,"Lavallette, NJ",2840
8045,39.86,-75.03,"Lawnside, NJ",2342
8220,39.49,-74.43,"Leeds Point, NJ",
8327,39.23,-75,"Leesburg, NJ",695
7737,40.41,-74.06,"Leonardo, NJ",3808
7738,40.34,-74.12,"Lincroft, NJ",5508
8221,39.34,-74.57,"Linwood, NJ",6768
7739,40.33,-74.03,"Little Silver, NJ",5587
7739,40.33,-74.03,"Little Silver Point, NJ",5587
7740,40.29,-73.98,"Long Branch, NJ",20885
7740,40.29,-73.98,"Elberon, NJ",20885
7740,40.29,-73.98,"West End, NJ",20885
8048,39.96,-74.8,"Lumberton, NJ",10599
8048,39.96,-74.8,"Lumberton Township, NJ",10599
8048,39.96,-74.8,"Lumberton Twp, NJ",10599
8049,39.85,-75.03,"Magnolia, NJ",4500
8328,39.57,-75.06,"Malaga, NJ",1263
8050,39.69,-74.25,"Manahawkin, NJ",20931
8050,39.69,-74.25,"Stafford Township, NJ",20931
8050,39.69,-74.25,"Stafford Twp, NJ",20931
8050,39.69,-74.25,"Beach Haven West, NJ",20931
8050,39.69,-74.25,"Cedar Bonnet Island, NJ",20931
8736,40.11,-74.03,"Manasquan, NJ",11328
8736,40.11,-74.03,"Wall, NJ",11328
8736,40.11,-74.03,"Wall Township, NJ",11328
8736,40.11,-74.03,"Wall Twp, NJ",11328
8738,40.04,-74.04,"Mantoloking, NJ",831
8051,39.78,-75.17,"Mantua, NJ",9204
8051,39.78,-75.17,"West Deptford, NJ",9204
8051,39.78,-75.17,"Mantua Heights, NJ",9204
8052,39.95,-74.99,"Maple Shade, NJ",15607
7746,40.31,-74.25,"Marlboro, NJ",17313
7746,40.31,-74.25,"Bradevelt, NJ",17313
8053,39.9,-74.92,"Marlton, NJ",40939
8053,39.9,-74.92,"Evesham, NJ",40939
8053,39.9,-74.92,"Evesboro, NJ",40939
8053,39.9,-74.92,"Evesham Twp, NJ",40939
8053,39.9,-74.92,"Kresson, NJ",40939
8053,39.9,-74.92,"Marlton Lakes, NJ",40939
8053,39.9,-74.92,"North Marlton, NJ",40939
8053,39.9,-74.92,"Pine Grove, NJ",40939
8223,39.26,-74.66,"Marmora, NJ",3924
8223,39.26,-74.66,"Beesleys Point, NJ",3924
8223,39.26,-74.66,"Palermo, NJ",3924
7747,40.41,-74.23,"Matawan, NJ",26986
7747,40.41,-74.23,"Aberdeen, NJ",26986
7747,40.41,-74.23,"Strathmore, NJ",26986
8329,39.26,-74.97,"Mauricetown, NJ",
8330,39.45,-74.72,"Mays Landing, NJ",23573
8330,39.45,-74.72,"Belcoville, NJ",23573
8330,39.45,-74.72,"English Creek, NJ",23573
8330,39.45,-74.72,"Scullville, NJ",23573
8330,39.45,-74.72,"Weymouth, NJ",23573
8055,39.86,-74.82,"Medford, NJ",24851
8055,39.86,-74.82,"Medford Lakes, NJ",24851
8055,39.86,-74.82,"Medford Lakes Boro, NJ",24851
8055,39.86,-74.82,"Medford Township, NJ",24851
8056,39.78,-75.25,"Mickleton, NJ",4070
7748,40.39,-74.11,"Middletown, NJ",25426
7748,40.39,-74.11,"N Middletown, NJ",25426
7748,40.39,-74.11,"New Monmouth, NJ",25426
7748,40.39,-74.11,"North Middletown, NJ",25426
8332,39.39,-75.05,"Millville, NJ",29211
8332,39.39,-75.05,"Carmel, NJ",29211
8332,39.39,-75.05,"Laurel Lake, NJ",29211
8340,39.44,-74.86,"Milmay, NJ",794
8341,39.51,-74.94,"Minotola, NJ",1436
8342,39.46,-74.72,"Mizpah, NJ",
7750,40.33,-73.98,"Monmouth Beach, NJ",3013
7750,40.33,-73.98,"Monmouth Bch, NJ",3013
8343,39.64,-75.16,"Monroeville, NJ",4132
8057,39.97,-74.94,"Moorestown, NJ",18385
8057,39.97,-74.94,"Lenola, NJ",18385
7751,40.36,-74.25,"Morganville, NJ",18058
8059,39.88,-75.09,"Mount Ephraim, NJ",4835
8059,39.88,-75.09,"W Colls Hgts, NJ",4835
8059,39.88,-75.09,"West Collingswood Heights, NJ",4835
8060,39.99,-74.78,"Mount Holly, NJ",21570
8060,39.99,-74.78,"Eastamptn Twp, NJ",21570
8060,39.99,-74.78,"Eastampton, NJ",21570
8060,39.99,-74.78,"Eastampton Township, NJ",21570
8060,39.99,-74.78,"Westampton, NJ",21570
8060,39.99,-74.78,"Mount Holly Township, NJ",21570
8060,39.99,-74.78,"Westampton Township, NJ",21570
8054,39.94,-74.9,"Mount Laurel, NJ",38300
8054,39.94,-74.9,"Masonville, NJ",38300
8054,39.94,-74.9,"Mount Laurel Township, NJ",38300
8054,39.94,-74.9,"Rancocas Woods, NJ",38300
8061,39.81,-75.2,"Mount Royal, NJ",2344
8062,39.73,-75.22,"Mullica Hill, NJ",13484
8062,39.73,-75.22,"S Harrisn Twp, NJ",13484
8062,39.73,-75.22,"South Harrison Township, NJ",13484
8062,39.73,-75.22,"Harrison Township, NJ",13484
8062,39.73,-75.22,"S Harrison Twp, NJ",13484
8063,39.86,-75.18,"National Park, NJ",2747
8063,39.86,-75.18,"West Deptford, NJ",2747
7752,40.39,-74.11,"Navesink, NJ",
7753,40.21,-74.08,"Neptune, NJ",30970
7753,40.21,-74.08,"Neptune City, NJ",30970
7753,40.21,-74.08,"Tinton Falls, NJ",30970
7753,40.21,-74.08,"Wall Township, NJ",30970
7753,40.21,-74.08,"Shark River Hills, NJ",30970
7753,40.21,-74.08,"Wall, NJ",30970
7754,40.21,-74.08,"Neptune, NJ",460
8533,40.06,-74.53,"New Egypt, NJ",6225
8533,40.06,-74.53,"Plumsted, NJ",6225
8533,40.06,-74.53,"Plumsted Township, NJ",6225
8533,40.06,-74.53,"Plumsted Twp, NJ",6225
8344,39.54,-75.01,"Newfield, NJ",5101
8344,39.54,-75.01,"Willow Grove, NJ",5101
8224,39.71,-74.52,"New Gretna, NJ",606
8064,39.92,-74.53,"New Lisbon, NJ",
8345,39.28,-75.16,"Newport, NJ",646
8345,39.28,-75.16,"Gandys Beach, NJ",646
8346,39.56,-74.85,"Newtonville, NJ",717
8347,39.54,-75.13,"Norma, NJ",
8739,40,-74.06,"Normandy Beach, NJ",478
8739,40,-74.06,"Normandy Bch, NJ",478
8225,39.37,-74.55,"Northfield, NJ",7758
7755,40.26,-74.02,"Oakhurst, NJ",6022
7755,40.26,-74.02,"Elberon Park, NJ",6022
8226,39.26,-74.6,"Ocean City, NJ",10270
8740,39.92,-74.13,"Ocean Gate, NJ",1669
7756,40.21,-74,"Ocean Grove, NJ",2503
7757,40.31,-74.02,"Oceanport, NJ",5116
7757,40.31,-74.02,"Monmouth Park, NJ",5116
7757,40.31,-74.02,"Port-au-peck, NJ",5116
7757,40.31,-74.02,"Sands Point, NJ",5116
8230,39.2,-74.71,"Ocean View, NJ",5385
8230,39.2,-74.71,"Palermo, NJ",5385
8230,39.2,-74.71,"Seaville, NJ",5385
8231,39.48,-74.47,"Oceanville, NJ",
8065,40,-75.03,"Palmyra, NJ",6356
8066,39.83,-75.24,"Paulsboro, NJ",6356
8066,39.83,-75.24,"West Deptford, NJ",6356
8066,39.83,-75.24,"Billingsport, NJ",6356
8067,39.73,-75.4,"Pedricktown, NJ",1451
8068,39.97,-74.68,"Pemberton, NJ",5490
8534,40.32,-74.79,"Pennington, NJ",11939
8069,39.72,-75.46,"Penns Grove, NJ",10482
8069,39.72,-75.46,"Carneys Point, NJ",10482
8069,39.72,-75.46,"Carneys Point Township, NJ",10482
8070,39.65,-75.51,"Pennsville, NJ",11154
8535,40.21,-74.44,"Millstone Township, NJ",4550
8535,40.21,-74.44,"Millstone Twp, NJ",4550
8535,40.21,-74.44,"Perrineville, NJ",4550
8535,40.21,-74.44,"Millstone, NJ",4550
8741,39.93,-74.17,"Pine Beach, NJ",2458
8071,39.73,-75.13,"Pitman, NJ",8346
8536,40.33,-74.58,"Plainsboro, NJ",17344
8232,39.39,-74.51,"Pleasantville, NJ",16127
8232,39.39,-74.51,"Mckee City, NJ",16127
8232,39.39,-74.51,"Bargaintown, NJ",16127
8232,39.39,-74.51,"Egg Harbor Township, NJ",16127
8232,39.39,-74.51,"Egg Harbor Twp, NJ",16127
8232,39.39,-74.51,"Egg Hbr Twp, NJ",16127
8232,39.39,-74.51,"Farmington, NJ",16127
8232,39.39,-74.51,"West Atlantic City, NJ",16127
8234,39.41,-74.58,"Egg Harbor Township, NJ",37623
8234,39.41,-74.58,"Egg Harbor Twp, NJ",37623
8234,39.41,-74.58,"Egg Hbr Twp, NJ",37623
8234,39.41,-74.58,"Bargaintown, NJ",37623
8234,39.41,-74.58,"Mckee City, NJ",37623
8234,39.41,-74.58,"Pleasantville, NJ",37623
8234,39.41,-74.58,"Steelmanville, NJ",37623
8742,40.09,-74.04,"Point Pleasant Beach, NJ",22127
8742,40.09,-74.04,"Bay Head, NJ",22127
8742,40.09,-74.04,"Point Pleasant Boro, NJ",22127
8742,40.09,-74.04,"Pt Pleas Bch, NJ",22127
8742,40.09,-74.04,"Pt Pleasant, NJ",22127
8742,40.09,-74.04,"Pt Pleasant B, NJ",22127
8742,40.09,-74.04,"Pt Pleasant Beach, NJ",22127
8742,40.09,-74.04,"Point Pleasant, NJ",22127
8240,39.46,-74.55,"Pomona, NJ",707
8348,39.39,-74.88,"Port Elizabeth, NJ",
8348,39.39,-74.88,"Prt Elizabeth, NJ",
7758,40.43,-74.09,"Port Monmouth, NJ",4455
7758,40.43,-74.09,"Cedar Beach, NJ",4455
8349,39.24,-75.04,"Port Norris, NJ",1575
8349,39.24,-75.04,"Bivalve, NJ",1575
8241,39.53,-74.48,"Port Republic, NJ",1125
8540,40.35,-74.65,"Princeton, NJ",38222
8540,40.35,-74.65,"Princeton Township, NJ",38222
8540,40.35,-74.65,"Princeton Twp, NJ",38222
8541,40.35,-74.65,"Princeton, NJ",
8541,40.35,-74.65,"Educational Testing Service, NJ",
8542,40.35,-74.65,"Princeton, NJ",2592
8543,40.35,-74.65,"Princeton, NJ",
8544,40.35,-74.65,"Princeton, NJ",940
8544,40.35,-74.65,"Princeton University, NJ",940
8550,40.32,-74.62,"Princeton Junction, NJ",18383
8550,40.32,-74.62,"Princeton Jct, NJ",18383
8550,40.32,-74.62,"West Windsor, NJ",18383
8550,40.32,-74.62,"W Windsor, NJ",18383
8550,40.32,-74.62,"W Windsor Township, NJ",18383
8550,40.32,-74.62,"West Win Tow, NJ",18383
8072,39.52,-75.38,"Quinton, NJ",
8073,40.02,-74.88,"Rancocas, NJ",
7701,40.34,-74.06,"Red Bank, NJ",19393
7701,40.34,-74.06,"Tinton Falls, NJ",19393
7701,40.34,-74.06,"Westboro, NJ",19393
7702,40.32,-74.05,"Shrewsbury, NJ",3546
7702,40.32,-74.05,"Red Bank, NJ",3546
7703,40.31,-74.03,"Fort Monmouth, NJ",664
7703,40.31,-74.03,"Red Bank, NJ",664
7704,40.36,-74.03,"Fair Haven, NJ",5437
7704,40.36,-74.03,"Red Bank, NJ",5437
7709,40.23,-74,"Red Bank, NJ",
7709,40.23,-74,"Jersey Central Power Light, NJ",
8350,39.48,-74.87,"Richland, NJ",690
8074,39.71,-75.23,"Richwood, NJ",
8551,40.44,-74.82,"Ringoes, NJ",5321
8551,40.44,-74.82,"East Amwell, NJ",5321
8551,40.44,-74.82,"East Amwell Township, NJ",5321
8551,40.44,-74.82,"East Amwell Twp, NJ",5321
8242,39.02,-74.87,"Rio Grande, NJ",2795
8075,40.03,-74.95,"Riverside, NJ",24711
8075,40.03,-74.95,"Delanco, NJ",24711
8075,40.03,-74.95,"Delran, NJ",24711
8075,40.03,-74.95,"Bridgeboro, NJ",24711
8075,40.03,-74.95,"Delanco Township, NJ",24711
8075,40.03,-74.95,"Delran Township, NJ",24711
8075,40.03,-74.95,"North Delran, NJ",24711
8076,40.01,-75.01,"Riverton, NJ",
8077,40.01,-75.01,"Riverton, NJ",16482
8077,40.01,-75.01,"Cinnaminson, NJ",16482
8077,40.01,-75.01,"Cinnaminson Township, NJ",16482
8553,40.4,-74.63,"Rocky Hill, NJ",654
8554,40.11,-74.77,"Roebling, NJ",3341
8555,40.22,-74.47,"Roosevelt, NJ",796
8556,40.42,-74.99,"Rosemont, NJ",
8352,39.47,-75.13,"Rosenhayn, NJ",959
7760,40.36,-74,"Rumson, NJ",8555
7760,40.36,-74,"Locust, NJ",8555
7760,40.36,-74,"Sea Bright, NJ",8555
8078,39.85,-75.07,"Runnemede, NJ",7017
8079,39.56,-75.47,"Salem, NJ",8679
8079,39.56,-75.47,"Mannington, NJ",8679
8079,39.56,-75.47,"Mannington Township, NJ",8679
8750,40.12,-74.03,"Sea Girt, NJ",3480
8750,40.12,-74.03,"Wall, NJ",3480
8750,40.12,-74.03,"Wall Township, NJ",3480
8750,40.12,-74.03,"Wall Twp, NJ",3480
8243,39.15,-74.69,"Sea Isle City, NJ",2047
8243,39.15,-74.69,"Townsend Inlt, NJ",2047
8243,39.15,-74.69,"Townsends Inlet, NJ",2047
8751,39.94,-74.07,"Seaside Heights, NJ",3094
8751,39.94,-74.07,"Seaside Hgts, NJ",3094
8751,39.94,-74.07,"Ortley Beach, NJ",3094
8751,39.94,-74.07,"Pelican Island, NJ",3094
8752,39.79,-74.09,"Seaside Park, NJ",1913
8752,39.79,-74.09,"S Seaside Pk, NJ",1913
8752,39.79,-74.09,"South Seaside Park, NJ",1913
8557,40.45,-74.94,"Sergeantsville, NJ",
8557,40.45,-74.94,"Sergeantsvlle, NJ",
8080,39.75,-75.09,"Sewell, NJ",33729
8080,39.75,-75.09,"Barnsboro, NJ",33729
8080,39.75,-75.09,"Cross Keys, NJ",33729
8080,39.75,-75.09,"Hurffville, NJ",33729
8353,39.45,-75.29,"Shiloh, NJ",593
8081,39.73,-74.98,"Sicklerville, NJ",41753
8081,39.73,-74.98,"Erial, NJ",41753
8558,40.41,-74.7,"Skillman, NJ",6048
8558,40.41,-74.7,"Montgomery, NJ",6048
8083,39.84,-75.02,"Somerdale, NJ",8321
8083,39.84,-75.02,"Hi Nella, NJ",8321
8244,39.31,-74.6,"Somers Point, NJ",9358
8245,39.17,-74.82,"South Dennis, NJ",
8031,39.86,-75.09,"Bellmawr, NJ",9879
8031,39.86,-75.09,"Gloucester, NJ",9879
8031,39.86,-75.09,"Gloucester City, NJ",9879
8031,39.86,-75.09,"Gloucstr City, NJ",9879
8099,39.86,-75.09,"Bellmawr, NJ",
8246,39.17,-74.77,"South Seaville, NJ",
8246,39.17,-74.77,"S Seaville, NJ",
7762,40.15,-74.02,"Spring Lake, NJ",7512
7762,40.15,-74.02,"Spring Heights, NJ",7512
7762,40.15,-74.02,"Spring Lake Heights, NJ",7512
7762,40.15,-74.02,"Wall, NJ",7512
7762,40.15,-74.02,"Wall Township, NJ",7512
7762,40.15,-74.02,"Wall Twp, NJ",7512
8559,40.4,-74.97,"Stockton, NJ",4355
8247,39.04,-74.76,"Stone Harbor, NJ",915
8084,39.82,-75.01,"Stratford, NJ",6077
8248,39.19,-74.66,"Strathmere, NJ",
8085,39.74,-75.31,"Swedesboro, NJ",15563
8085,39.74,-75.31,"Logan Township, NJ",15563
8085,39.74,-75.31,"Logan Twp, NJ",15563
8085,39.74,-75.31,"Woolwich Township, NJ",15563
8085,39.74,-75.31,"Woolwich Twp, NJ",15563
8085,39.74,-75.31,"Auburn, NJ",15563
8085,39.74,-75.31,"Logan, NJ",15563
8085,39.74,-75.31,"Woolwich, NJ",15563
7763,40.29,-74.36,"Tennent, NJ",
8086,39.85,-75.18,"Thorofare, NJ",7031
8086,39.85,-75.18,"West Deptford, NJ",7031
8560,40.31,-74.86,"Titusville, NJ",3249
8560,40.31,-74.86,"Ewing, NJ",3249
8753,39.95,-74.18,"Toms River, NJ",55159
8753,39.95,-74.18,"Berkeley, NJ",55159
8753,39.95,-74.18,"Dover Township, NJ",55159
8753,39.95,-74.18,"Dover Twp, NJ",55159
8754,39.95,-74.18,"Toms River, NJ",640
8755,39.95,-74.18,"Toms River, NJ",21432
8756,39.95,-74.18,"Toms River, NJ",
8757,39.95,-74.18,"Toms River, NJ",26967
8757,39.95,-74.18,"Berkeley, NJ",26967
8757,39.95,-74.18,"Berkeley Township, NJ",26967
8757,39.95,-74.18,"Berkeley Twp, NJ",26967
8757,39.95,-74.18,"S Toms River, NJ",26967
8757,39.95,-74.18,"South Toms River, NJ",26967
8601,40.22,-74.76,"Trenton, NJ",
8602,40.22,-74.76,"Trenton, NJ",
8603,40.22,-74.76,"Trenton, NJ",
8604,40.22,-74.76,"Trenton, NJ",
8605,40.22,-74.76,"Trenton, NJ",
8606,40.22,-74.76,"Trenton, NJ",
8607,40.22,-74.76,"Trenton, NJ",610
8608,40.22,-74.76,"Trenton, NJ",522
8609,40.22,-74.76,"Trenton, NJ",8578
8609,40.22,-74.76,"Hamilton, NJ",8578
8610,40.22,-74.76,"Trenton, NJ",25618
8610,40.22,-74.76,"Hamilton, NJ",25618
8610,40.22,-74.76,"Hamilton Township, NJ",25618
8610,40.22,-74.76,"Hamilton Twp, NJ",25618
8611,40.22,-74.76,"Trenton, NJ",14996
8611,40.22,-74.76,"Hamilton, NJ",14996
8611,40.22,-74.76,"Hamilton Township, NJ",14996
8611,40.22,-74.76,"Hamilton Twp, NJ",14996
8618,40.22,-74.76,"Trenton, NJ",24531
8618,40.22,-74.76,"Ewing, NJ",24531
8618,40.22,-74.76,"Ewing Township, NJ",24531
8618,40.22,-74.76,"Ewing Twp, NJ",24531
8619,40.22,-74.76,"Trenton, NJ",19382
8619,40.22,-74.76,"Hamilton, NJ",19382
8619,40.22,-74.76,"Mercerville, NJ",19382
8619,40.22,-74.76,"Hamilton Township, NJ",19382
8619,40.22,-74.76,"Hamilton Twp, NJ",19382
8620,40.22,-74.76,"Trenton, NJ",10800
8620,40.22,-74.76,"Hamilton, NJ",10800
8620,40.22,-74.76,"Groveville, NJ",10800
8620,40.22,-74.76,"Hamilton Township, NJ",10800
8620,40.22,-74.76,"Hamilton Twp, NJ",10800
8625,40.22,-74.76,"Trenton, NJ",
8628,40.22,-74.76,"Trenton, NJ",7650
8628,40.22,-74.76,"Ewing, NJ",7650
8628,40.22,-74.76,"West Trenton, NJ",7650
8628,40.22,-74.76,"Ewing Township, NJ",7650
8628,40.22,-74.76,"Ewing Twp, NJ",7650
8629,40.22,-74.76,"Trenton, NJ",9859
8629,40.22,-74.76,"Hamilton, NJ",9859
8629,40.22,-74.76,"Hamilton Township, NJ",9859
8629,40.22,-74.76,"Hamilton Twp, NJ",9859
8638,40.22,-74.76,"Trenton, NJ",17200
8638,40.22,-74.76,"Ewing, NJ",17200
8638,40.22,-74.76,"Ewing Township, NJ",17200
8638,40.22,-74.76,"Ewing Twp, NJ",17200
8640,40.22,-74.76,"Fort Dix, NJ",1941
8640,40.22,-74.76,"Ft Dix, NJ",1941
8641,40.22,-74.76,"Trenton, NJ",2070
8641,40.22,-74.76,"Mc Guire Afb, NJ",2070
8641,40.22,-74.76,"Mc Guire Air Force Base, NJ",2070
8645,40.22,-74.76,"Trenton, NJ",
8645,40.22,-74.76,"N J State Income Tax, NJ",
8645,40.22,-74.76,"State Income Tax, NJ",
8646,40.22,-74.76,"Trenton, NJ",
8646,40.22,-74.76,"Division Of Revenue, NJ",
8646,40.22,-74.76,"State Of Nj Taxation Dept, NJ",
8647,40.22,-74.76,"Trenton, NJ",
8647,40.22,-74.76,"N J Income Tax, NJ",
8647,40.22,-74.76,"Nj Income Tax, NJ",
8648,40.22,-74.76,"Lawrence Township, NJ",25629
8648,40.22,-74.76,"Lawrence, NJ",25629
8648,40.22,-74.76,"Lawrence Twp, NJ",25629
8648,40.22,-74.76,"Lawrenceville, NJ",25629
8648,40.22,-74.76,"Trenton, NJ",25629
8650,40.22,-74.76,"Trenton, NJ",
8650,40.22,-74.76,"Hamilton, NJ",
8666,40.22,-74.76,"Trenton, NJ",
8666,40.22,-74.76,"State Of Nj Motor Vehicles, NJ",
8666,40.22,-74.76,"State Of Nj Mv, NJ",
8690,40.22,-74.76,"Trenton, NJ",18316
8690,40.22,-74.76,"Hamilton, NJ",18316
8690,40.22,-74.76,"Hamilton Sq, NJ",18316
8690,40.22,-74.76,"Hamilton Square, NJ",18316
8690,40.22,-74.76,"Hamilton Township, NJ",18316
8690,40.22,-74.76,"Hamilton Twp, NJ",18316
8691,40.22,-74.76,"Trenton, NJ",13091
8691,40.22,-74.76,"Hamilton, NJ",13091
8691,40.22,-74.76,"Robbinsville, NJ",13091
8691,40.22,-74.76,"Hamilton Township, NJ",13091
8691,40.22,-74.76,"Hamilton Twp, NJ",13091
8691,40.22,-74.76,"Uppr Free Twp, NJ",13091
8695,40.22,-74.76,"Trenton, NJ",
8695,40.22,-74.76,"Division Of Revenue, NJ",
8695,40.22,-74.76,"State Of Nj Taxation Dept, NJ",
8250,39.28,-74.78,"Tuckahoe, NJ",462
8087,39.59,-74.32,"Tuckerton, NJ",20609
8087,39.59,-74.32,"Little Egg Harbor, NJ",20609
8087,39.59,-74.32,"Little Egg Harbor Twp, NJ",20609
8087,39.59,-74.32,"Ltl Egg Hbr, NJ",20609
8087,39.59,-74.32,"Mystic Islands, NJ",20609
8087,39.59,-74.32,"Mystic Islnds, NJ",20609
8087,39.59,-74.32,"Leh, NJ",20609
8087,39.59,-74.32,"Parkertown, NJ",20609
8087,39.59,-74.32,"Tuckerton Boro, NJ",20609
8087,39.59,-74.32,"West Tuckerton, NJ",20609
8251,39.01,-74.93,"Villas, NJ",8038
8251,39.01,-74.93,"Del Haven, NJ",8038
8251,39.01,-74.93,"Miami Beach, NJ",8038
8088,39.8,-74.62,"Vincentown, NJ",22028
8088,39.8,-74.62,"Shamong, NJ",22028
8088,39.8,-74.62,"Southampton, NJ",22028
8088,39.8,-74.62,"Tabernacle, NJ",22028
8088,39.8,-74.62,"Indian Mills, NJ",22028
8088,39.8,-74.62,"Shamong Township, NJ",22028
8088,39.8,-74.62,"Southampton Twp, NJ",22028
8088,39.8,-74.62,"Tabernacle Twp, NJ",22028
8360,39.46,-74.99,"Vineland, NJ",35585
8360,39.46,-74.99,"East Vineland, NJ",35585
8360,39.46,-74.99,"South Vineland, NJ",35585
8361,39.46,-74.99,"Vineland, NJ",14832
8362,39.46,-74.99,"Vineland, NJ",1050
8758,39.78,-74.19,"Waretown, NJ",6336
8089,39.71,-74.81,"Waterford Works, NJ",3545
8089,39.71,-74.81,"Chesilhurst, NJ",3545
8089,39.71,-74.81,"Waterford Wks, NJ",3545
8089,39.71,-74.81,"Waterford, NJ",3545
8090,39.79,-75.14,"Wenonah, NJ",7368
8090,39.79,-75.14,"Oak Valley, NJ",7368
8091,39.8,-74.93,"West Berlin, NJ",4550
8091,39.8,-74.93,"Berlin Township, NJ",4550
8091,39.8,-74.93,"Berlin Twp, NJ",4550
8092,39.65,-74.28,"West Creek, NJ",3158
8092,39.65,-74.28,"Cedar Run, NJ",3158
8092,39.65,-74.28,"Eagleswood Township, NJ",3158
8092,39.65,-74.28,"Mayetta, NJ",3158
8092,39.65,-74.28,"Staffordville, NJ",3158
7764,40.29,-74.01,"West Long Branch, NJ",5838
7764,40.29,-74.01,"W Long Branch, NJ",5838
8093,39.86,-75.13,"Westville, NJ",7971
8093,39.86,-75.13,"West Deptford, NJ",7971
8093,39.86,-75.13,"Verga, NJ",7971
8093,39.86,-75.13,"Westville Grove, NJ",7971
8252,39.04,-74.86,"Whitesboro, NJ",
7765,40.35,-74.26,"Wickatunk, NJ",
8260,38.98,-74.82,"Wildwood, NJ",11807
8260,38.98,-74.82,"N Wildwood, NJ",11807
8260,38.98,-74.82,"North Wildwood, NJ",11807
8260,38.98,-74.82,"West Wildwood, NJ",11807
8260,38.98,-74.82,"Wildwood Crest, NJ",11807
8260,38.98,-74.82,"Wildwood Crst, NJ",11807
8260,38.98,-74.82,"Anglesea, NJ",11807
8260,38.98,-74.82,"Grassy Sound, NJ",11807
8260,38.98,-74.82,"Shaw Crest, NJ",11807
8260,38.98,-74.82,"Wildwood City, NJ",11807
8094,39.68,-74.98,"Williamstown, NJ",33155
8094,39.68,-74.98,"Cecil, NJ",33155
8094,39.68,-74.98,"Collings Lakes, NJ",33155
8046,40.02,-74.88,"Willingboro, NJ",27170
8561,40.21,-74.61,"Windsor, NJ",
8095,39.65,-74.86,"Winslow, NJ",
8270,39.22,-74.8,"Woodbine, NJ",6102
8270,39.22,-74.8,"Corbin City, NJ",6102
8270,39.22,-74.8,"Belleplain, NJ",6102
8270,39.22,-74.8,"Eldora, NJ",6102
8270,39.22,-74.8,"Petersburg, NJ",6102
8270,39.22,-74.8,"Steelmantown, NJ",6102
8096,39.83,-75.15,"Blackwood Ter, NJ",29504
8096,39.83,-75.15,"Blackwood Terrace, NJ",29504
8096,39.83,-75.15,"West Deptford, NJ",29504
8096,39.83,-75.15,"Woodbury, NJ",29504
8096,39.83,-75.15,"Almonesson, NJ",29504
8096,39.83,-75.15,"Deptford Township, NJ",29504
8096,39.83,-75.15,"Jericho, NJ",29504
8097,39.81,-75.15,"Woodbury Heights, NJ",2916
8097,39.81,-75.15,"Woodbury, NJ",2916
8097,39.81,-75.15,"Woodbury Hts, NJ",2916
8097,39.81,-75.15,"Woodbury Hgts, NJ",2916
8098,39.65,-75.32,"Woodstown, NJ",7744
8098,39.65,-75.32,"Pilesgrove, NJ",7744
8098,39.65,-75.32,"Pilesgrove Township, NJ",7744
8098,39.65,-75.32,"Pilesgrv Twp, NJ",7744
8098,39.65,-75.32,"Sharptown, NJ",7744
8562,40.02,-74.63,"Wrightstown, NJ",4380
8562,40.02,-74.63,"Jacobstown, NJ",4380
8562,40.02,-74.63,"North Hanover, NJ",4380
7182,40.73,-74.17,"Shared Firm Zip, NJ",
7182,40.73,-74.17,"Newark, NJ",
7194,40.73,-74.17,"Midlantic National Bank, NJ",
7194,40.73,-74.17,"Newark, NJ",
7309,40.71,-74.03,"General Lafayette, NJ",
7309,40.71,-74.03,"Jersey City, NJ",
7477,40.92,-74.27,"State Farm Insurance, NJ",
7477,40.92,-74.27,"Wayne, NJ",
7983,40.82,-74.41,"Corporate Mailings, NJ",
7983,40.82,-74.41,"Whippany, NJ",
8922,40.48,-74.45,"New Brunswick, NJ",
8922,40.48,-74.45,"Prudential Mutual Fund Servi, NJ",
8988,40.45,-74.48,"New Brunswick, NJ",
8988,40.45,-74.48,"Merrill Lynch, NJ",
